{"cameraMode":{"drawMode":0,"name":"Shaded","section":"Shading Mode"},"sceneLighting":false,"audioPlay":false,"sceneViewState":{"m_AlwaysRefresh":false,"showFog":true,"showSkybox":false,"showFlares":true,"showImageEffects":true,"showParticleSystems":true,"showVisualEffectGraphs":true,"m_FxEnabled":true},"in2DMode":false,"pivot":{"x":2.188082218170166,"y":10.039363861083985,"z":-2.504940986633301},"rotation":{"x":0.17781196534633637,"y":-0.14991773664951325,"z":0.027418548241257669,"w":0.9721940755844116},"size":6.311495304107666,"orthographic":false}