{"cameraMode":{"drawMode":0,"name":"Shaded","section":"Shading Mode"},"sceneLighting":false,"audioPlay":false,"sceneViewState":{"m_AlwaysRefresh":false,"showFog":true,"showSkybox":false,"showFlares":true,"showImageEffects":true,"showParticleSystems":true,"showVisualEffectGraphs":true,"m_FxEnabled":true},"in2DMode":false,"pivot":{"x":5.620706081390381,"y":7.320239067077637,"z":-0.0007180571556091309},"rotation":{"x":0.1668907105922699,"y":-0.3272973895072937,"z":0.05884667485952377,"w":0.9282066226005554},"size":6.311495304107666,"orthographic":false}