{"cameraMode":{"drawMode":0,"name":"Shaded","section":"Shading Mode"},"sceneLighting":false,"audioPlay":false,"sceneViewState":{"m_AlwaysRefresh":false,"showFog":true,"showSkybox":false,"showFlares":true,"showImageEffects":true,"showParticleSystems":true,"showVisualEffectGraphs":true,"m_FxEnabled":true},"in2DMode":false,"pivot":{"x":3.876652717590332,"y":6.20028018951416,"z":-5.6710524559021},"rotation":{"x":0.029976986348628999,"y":0.035374853760004047,"z":-0.0010590394958853722,"w":0.9989312291145325},"size":11.603171348571778,"orthographic":true}