{"cameraMode":{"drawMode":0,"name":"Shaded","section":"Shading Mode"},"sceneLighting":false,"audioPlay":false,"sceneViewState":{"m_AlwaysRefresh":false,"showFog":true,"showSkybox":false,"showFlares":true,"showImageEffects":true,"showParticleSystems":true,"showVisualEffectGraphs":true,"m_FxEnabled":true},"in2DMode":false,"pivot":{"x":-13.01508903503418,"y":1.3970599174499512,"z":7.853130340576172},"rotation":{"x":0.000021971420210320503,"y":0.999793291091919,"z":-0.02099878340959549,"w":0.0011943290010094643},"size":3.1454107761383058,"orthographic":true}